version,segment,balance_score,top_job,top_share,cr3,top_type,top_type_share
12409,50층,62,렌,0.524752475247525,0.589108910891089,전사,0.64026402640264
12409,상위권,90,렌,0.10054347826087,0.252717391304348,전사,0.342391304347826
12409,total,70,"","","","",""
12410,50층,74,렌,0.4,0.485714285714286,전사,0.537142857142857
12410,상위권,91,듀얼블레이더,0.077639751552795,0.226708074534162,도적,0.229813664596273
12410,total,79,"","","","",""
